{"cameraMode":{"drawMode":0,"name":"Shaded","section":"Shading Mode"},"sceneLighting":false,"audioPlay":false,"sceneViewState":{"showFog":true,"showMaterialUpdate":false,"showSkybox":false,"showFlares":true,"showImageEffects":true,"showParticleSystems":true},"in2DMode":false,"pivot":{"x":-1.2194411754608155,"y":-0.44178450107574465,"z":0.3216252326965332},"rotation":{"x":-0.0033773493487387897,"y":0.9573742747306824,"z":-0.28862476348876955,"w":-0.011200958862900734},"size":1.8304786682128907,"orthographic":false}