{"cameraMode":{"drawMode":0,"name":"Shaded","section":"Shading Mode"},"sceneLighting":false,"audioPlay":false,"sceneViewState":{"showFog":true,"showMaterialUpdate":false,"showSkybox":false,"showFlares":true,"showImageEffects":true,"showParticleSystems":true},"in2DMode":false,"pivot":{"x":-5.765917778015137,"y":-22.8470458984375,"z":22.684093475341798},"rotation":{"x":-0.2716212272644043,"y":0.13285739719867707,"z":-0.03788796439766884,"w":-0.9524397253990173},"size":73.24938201904297,"orthographic":false}