{"cameraMode":{"drawMode":0,"name":"Shaded","section":"Shading Mode"},"sceneLighting":false,"audioPlay":false,"sceneViewState":{"showFog":true,"showMaterialUpdate":false,"showSkybox":false,"showFlares":true,"showImageEffects":true,"showParticleSystems":true},"in2DMode":false,"pivot":{"x":32.47215270996094,"y":0.8424592614173889,"z":-9.006314277648926},"rotation":{"x":-0.2716212272644043,"y":0.13285739719867707,"z":-0.03788796439766884,"w":-0.9524397253990173},"size":3.960813522338867,"orthographic":false}